direction	target_id	gene	candidate_id	endpoint_membership	editable_in_HEK293T	editable_in_HCT116	target_cell_line	comparator_cell_line	target_transport_status	comparator_transport_status	selectivity_evidence_class	selectivity_evidence_distance_bp	target_evidence_class	target_evidence_distance_bp	beta_target_mean	beta_comparator_mean	n_target	n_comparator	target_distance_minmax	comparator_distance_minmax	p_targ_only	tumor_only	p_targ_x_p_prot	v25_diff	v25_sigmoid	delta_beta_only
HEK_target_HCT_protected	T3	VEGFA	chr6:43742293-:NNNNCGA	E1+E2	false	false	HEK293T	HCT116	low_coverage	low_coverage	unobserved		unobserved								0.000000	0.000000	0.000000	0.000000	0.000000	0.000000
HEK_target_HCT_protected	T9	VEGFA	chr6:43742149-:NNNNCCA	E1+E2	true	true	HEK293T	HCT116	low_coverage	low_coverage	unobserved		unobserved								0.000000	0.000000	0.000000	0.000000	0.000000	0.000000
HEK_target_HCT_protected	T4	EMX1	chr2:73145425-:NNNNCGA	E1+E2	true	false	HEK293T	HCT116	confirmed	confirmed	regional	26	exact	0	0.007401	1.000000	4	2	0-0	0-26	1.000000	0.010000	0.005000	0.010000	0.010000	0.992599
HEK_target_HCT_protected	T5	PRDX4	chrX:23685827+:NNNNCGA	E1+E2	false	true	HEK293T	HCT116	confirmed	confirmed	regional	48	regional	48	0.750500	0.061277	4	2	0-48	48-48	0.016913	0.000169	0.000023	0.000000	0.000000	-0.689223
HEK_target_HCT_protected	T10	APBB2	chr4:40859061+:NNNNCGA	E2	true	na	HEK293T	HCT116	confirmed	not_applicable	exact	0	exact	0	0.003469	0.986207	4	2	0-0	0-0	1.000000	0.063333	0.039251	0.063333	0.063332	0.982738
HEK_target_HCT_protected	T11	EGFLAM	chr5:38258943+:NNNNCGA	E2	true	na	HEK293T	HCT116	confirmed	not_applicable	unobserved		regional	40	0.000000		4		0-40		0.825000	0.000000	0.000000	0.000000	0.000000	0.000000
HEK_target_HCT_protected	T12	LUZP2	chr11:24518736+:NNNNCGA	E2	true	na	HEK293T	HCT116	confirmed	not_applicable	exact	0	exact	0	0.014672	1.000000	4	2	0-0	0-0	1.000000	0.063333	0.031667	0.063333	0.063332	0.985328
HEK_target_HCT_protected	T13	ABHD15	chr17:27893547+:NNNNCGA	E2	false	na	HEK293T	HCT116	ambiguous	not_applicable	exact	0	exact	0	0.534774	0.000000	4	2	0-0	0-0	0.300886	0.019056	0.002382	0.001764	0.000001	-0.534774
HEK_target_HCT_protected	T14	GDA	chr9:74764686-:NNNNCGA	E2	false	na	HEK293T	HCT116	confirmed	not_applicable	exact	0	exact	0	0.909871	0.035297	3	2	0-0	0-0	0.000000	0.000000	0.000000	0.000000	0.000000	-0.874574
HEK_target_HCT_protected	T15	ZNF503	chr10:77156024+:NNNNCGA	E2	false	na	HEK293T	HCT116	confirmed	not_applicable	regional	33	regional	33	0.964915	0.026667	4	2	0-33	0-0	0.000000	0.000000	0.000000	0.000000	0.000000	-0.938249
HCT_target_HEK_protected	T3	VEGFA	chr6:43742293-:NNNNCGA	E1+E2	false	false	HCT116	HEK293T	low_coverage	low_coverage	unobserved		unobserved								0.000000	0.000000	0.000000	0.000000	0.000000	0.000000
HCT_target_HEK_protected	T9	VEGFA	chr6:43742149-:NNNNCCA	E1+E2	true	true	HCT116	HEK293T	low_coverage	low_coverage	unobserved		unobserved								0.000000	0.000000	0.000000	0.000000	0.000000	0.000000
HCT_target_HEK_protected	T4	EMX1	chr2:73145425-:NNNNCGA	E1+E2	true	false	HCT116	HEK293T	confirmed	confirmed	regional	26	regional	26	1.000000	0.007401	2	4	0-26	0-0	0.300000	0.003000	0.000000	0.000000	0.000000	-0.992599
HCT_target_HEK_protected	T5	PRDX4	chrX:23685827+:NNNNCGA	E1+E2	false	true	HCT116	HEK293T	confirmed	confirmed	regional	48	regional	48	0.061277	0.750500	2	4	48-48	0-48	0.813577	0.008136	0.007277	0.008103	0.008128	0.689223
HCT_target_HEK_protected	T10	APBB2	chr4:40859061+:NNNNCGA	E2	true	na	HCT116	HEK293T	not_applicable	confirmed	exact	0	exact	0	0.986207	0.003469	2	4	0-0	0-0	0.228147	0.014449	0.000000	0.000000	0.000000	-0.982738
HCT_target_HEK_protected	T11	EGFLAM	chr5:38258943+:NNNNCGA	E2	true	na	HCT116	HEK293T	not_applicable	confirmed	unobserved		unobserved			0.000000		4		0-40	0.000000	0.000000	0.000000	0.000000	0.000000	0.000000
HCT_target_HEK_protected	T12	LUZP2	chr11:24518736+:NNNNCGA	E2	true	na	HCT116	HEK293T	not_applicable	confirmed	exact	0	exact	0	1.000000	0.014672	2	4	0-0	0-0	0.300000	0.019000	0.000000	0.000000	0.000000	-0.985328
HCT_target_HEK_protected	T13	ABHD15	chr17:27893547+:NNNNCGA	E2	false	na	HCT116	HEK293T	not_applicable	ambiguous	exact	0	exact	0	0.000000	0.534774	2	4	0-0	0-0	0.825000	0.052250	0.027666	0.037985	0.051795	0.534774
HCT_target_HEK_protected	T14	GDA	chr9:74764686-:NNNNCGA	E2	false	na	HCT116	HEK293T	not_applicable	confirmed	exact	0	exact	0	0.035297	0.909871	2	3	0-0	0-0	0.818597	0.051844	0.051844	0.051844	0.051841	0.874574
HCT_target_HEK_protected	T15	ZNF503	chr10:77156024+:NNNNCGA	E2	false	na	HCT116	HEK293T	not_applicable	confirmed	regional	33	exact	0	0.026667	0.964915	2	4	0-0	0-33	0.820205	0.008202	0.008202	0.008202	0.008202	0.938249
