cohort	gene	candidate_id	evidence_class	pam_family	is_cpg_pam	chrom	scope	axis	pos_score	n_matched_neg	rank	empirical_p	percentile
GSE322563 HM450	EGFLAM	chr5:38258943+:NNNNCGA	regional	NNNNCGA	True	chr5	wg	v25_sigmoid	0.00980307	139316	2744	0.0196855	98.0315
GSE322563 HM450	EGFLAM	chr5:38258943+:NNNNCGA	regional	NNNNCGA	True	chr5	wg	v25_diff	0.00999953	139316	2624	0.0188241	98.1176
GSE322563 HM450	EGFLAM	chr5:38258943+:NNNNCGA	regional	NNNNCGA	True	chr5	wg	delta_beta_only	0.476308	139316	4196	0.030115	96.9885
GSE322563 HM450	EGFLAM	chr5:38258943+:NNNNCGA	regional	NNNNCGA	True	chr5	wg	limma_style	41.7459	139316	5086	0.0364962	96.3504
GSE322563 HM450	EGFLAM	chr5:38258943+:NNNNCGA	regional	NNNNCGA	True	chr5	chr5_6_10	v25_sigmoid	0.00980307	139316	2744	0.0196855	98.0315
GSE322563 HM450	EGFLAM	chr5:38258943+:NNNNCGA	regional	NNNNCGA	True	chr5	chr5_6_10	v25_diff	0.00999953	139316	2624	0.0188241	98.1176
GSE322563 HM450	EGFLAM	chr5:38258943+:NNNNCGA	regional	NNNNCGA	True	chr5	chr5_6_10	delta_beta_only	0.476308	139316	4196	0.030115	96.9885
GSE322563 HM450	EGFLAM	chr5:38258943+:NNNNCGA	regional	NNNNCGA	True	chr5	chr5_6_10	limma_style	41.7459	139316	5086	0.0364962	96.3504
GSE322563 HM450	ESR1	chr6:152011177+:NNNNCGA	proximal_close	NNNNCGA	True	chr6	wg	v25_sigmoid	0.0499963	43870	94	0.0021199	99.788
GSE322563 HM450	ESR1	chr6:152011177+:NNNNCGA	proximal_close	NNNNCGA	True	chr6	wg	v25_diff	0.05	43870	98	0.00221108	99.7789
GSE322563 HM450	ESR1	chr6:152011177+:NNNNCGA	proximal_close	NNNNCGA	True	chr6	wg	delta_beta_only	0.871887	43870	94	0.0021199	99.788
GSE322563 HM450	ESR1	chr6:152011177+:NNNNCGA	proximal_close	NNNNCGA	True	chr6	wg	limma_style	104.135	43870	118	0.00266697	99.7333
GSE322563 HM450	ESR1	chr6:152011177+:NNNNCGA	proximal_close	NNNNCGA	True	chr6	chr5_6_10	v25_sigmoid	0.0499963	43870	94	0.0021199	99.788
GSE322563 HM450	ESR1	chr6:152011177+:NNNNCGA	proximal_close	NNNNCGA	True	chr6	chr5_6_10	v25_diff	0.05	43870	98	0.00221108	99.7789
GSE322563 HM450	ESR1	chr6:152011177+:NNNNCGA	proximal_close	NNNNCGA	True	chr6	chr5_6_10	delta_beta_only	0.871887	43870	94	0.0021199	99.788
GSE322563 HM450	ESR1	chr6:152011177+:NNNNCGA	proximal_close	NNNNCGA	True	chr6	chr5_6_10	limma_style	104.135	43870	118	0.00266697	99.7333
GSE322563 HM450	GATA3	chr10:8087387+:NNNNCGA	proximal	NNNNCGA	True	chr10	wg	v25_sigmoid	0.0227531	24727	888	0.0358919	96.4108
GSE322563 HM450	GATA3	chr10:8087387+:NNNNCGA	proximal	NNNNCGA	True	chr10	wg	v25_diff	0.0262114	24727	888	0.0358515	96.4149
GSE322563 HM450	GATA3	chr10:8087387+:NNNNCGA	proximal	NNNNCGA	True	chr10	wg	delta_beta_only	0.280902	24727	1382	0.0558297	94.417
GSE322563 HM450	GATA3	chr10:8087387+:NNNNCGA	proximal	NNNNCGA	True	chr10	wg	limma_style	13.4337	24727	2564	0.103672	89.6328
GSE322563 HM450	GATA3	chr10:8087387+:NNNNCGA	proximal	NNNNCGA	True	chr10	chr5_6_10	v25_sigmoid	0.0227531	24727	888	0.0358919	96.4108
GSE322563 HM450	GATA3	chr10:8087387+:NNNNCGA	proximal	NNNNCGA	True	chr10	chr5_6_10	v25_diff	0.0262114	24727	888	0.0358515	96.4149
GSE322563 HM450	GATA3	chr10:8087387+:NNNNCGA	proximal	NNNNCGA	True	chr10	chr5_6_10	delta_beta_only	0.280902	24727	1382	0.0558297	94.417
GSE322563 HM450	GATA3	chr10:8087387+:NNNNCGA	proximal	NNNNCGA	True	chr10	chr5_6_10	limma_style	13.4337	24727	2564	0.103672	89.6328
GSE322563 native v2	EGFLAM	chr5:38258943+:NNNNCGA	regional	NNNNCGA	True	chr5	wg	v25_sigmoid	0.00980307	271676	7004	0.0257752	97.4225
GSE322563 native v2	EGFLAM	chr5:38258943+:NNNNCGA	regional	NNNNCGA	True	chr5	wg	v25_diff	0.00999953	271676	6716	0.0247188	97.5281
GSE322563 native v2	EGFLAM	chr5:38258943+:NNNNCGA	regional	NNNNCGA	True	chr5	wg	delta_beta_only	0.476308	271676	10302	0.0379146	96.2085
GSE322563 native v2	EGFLAM	chr5:38258943+:NNNNCGA	regional	NNNNCGA	True	chr5	wg	limma_style	41.7459	271676	12148	0.0447132	95.5287
GSE322563 native v2	EGFLAM	chr5:38258943+:NNNNCGA	regional	NNNNCGA	True	chr5	chr5_6_10	v25_sigmoid	0.00980307	271676	7004	0.0257752	97.4225
GSE322563 native v2	EGFLAM	chr5:38258943+:NNNNCGA	regional	NNNNCGA	True	chr5	chr5_6_10	v25_diff	0.00999953	271676	6716	0.0247188	97.5281
GSE322563 native v2	EGFLAM	chr5:38258943+:NNNNCGA	regional	NNNNCGA	True	chr5	chr5_6_10	delta_beta_only	0.476308	271676	10302	0.0379146	96.2085
GSE322563 native v2	EGFLAM	chr5:38258943+:NNNNCGA	regional	NNNNCGA	True	chr5	chr5_6_10	limma_style	41.7459	271676	12148	0.0447132	95.5287
GSE322563 native v2	ESR1	chr6:152011177+:NNNNCGA	proximal_close	NNNNCGA	True	chr6	wg	v25_sigmoid	0.0499963	65043	120	0.00182956	99.817
GSE322563 native v2	ESR1	chr6:152011177+:NNNNCGA	proximal_close	NNNNCGA	True	chr6	wg	v25_diff	0.05	65043	174	0.00265978	99.734
GSE322563 native v2	ESR1	chr6:152011177+:NNNNCGA	proximal_close	NNNNCGA	True	chr6	wg	delta_beta_only	0.871887	65043	120	0.00182956	99.817
GSE322563 native v2	ESR1	chr6:152011177+:NNNNCGA	proximal_close	NNNNCGA	True	chr6	wg	limma_style	104.135	65043	218	0.00333625	99.6664
GSE322563 native v2	ESR1	chr6:152011177+:NNNNCGA	proximal_close	NNNNCGA	True	chr6	chr5_6_10	v25_sigmoid	0.0499963	65043	120	0.00182956	99.817
GSE322563 native v2	ESR1	chr6:152011177+:NNNNCGA	proximal_close	NNNNCGA	True	chr6	chr5_6_10	v25_diff	0.05	65043	174	0.00265978	99.734
GSE322563 native v2	ESR1	chr6:152011177+:NNNNCGA	proximal_close	NNNNCGA	True	chr6	chr5_6_10	delta_beta_only	0.871887	65043	120	0.00182956	99.817
GSE322563 native v2	ESR1	chr6:152011177+:NNNNCGA	proximal_close	NNNNCGA	True	chr6	chr5_6_10	limma_style	104.135	65043	218	0.00333625	99.6664
GSE322563 native v2	GATA3	chr10:8087387+:NNNNCGA	proximal	NNNNCGA	True	chr10	wg	v25_sigmoid	0.0227531	37969	1416	0.0372541	96.2746
GSE322563 native v2	GATA3	chr10:8087387+:NNNNCGA	proximal	NNNNCGA	True	chr10	wg	v25_diff	0.0262114	37969	1414	0.0372014	96.2799
GSE322563 native v2	GATA3	chr10:8087387+:NNNNCGA	proximal	NNNNCGA	True	chr10	wg	delta_beta_only	0.280902	37969	2314	0.0609313	93.9069
GSE322563 native v2	GATA3	chr10:8087387+:NNNNCGA	proximal	NNNNCGA	True	chr10	wg	limma_style	13.4337	37969	4230	0.111394	88.8606
GSE322563 native v2	GATA3	chr10:8087387+:NNNNCGA	proximal	NNNNCGA	True	chr10	chr5_6_10	v25_sigmoid	0.0227531	37969	1416	0.0372541	96.2746
GSE322563 native v2	GATA3	chr10:8087387+:NNNNCGA	proximal	NNNNCGA	True	chr10	chr5_6_10	v25_diff	0.0262114	37969	1414	0.0372014	96.2799
GSE322563 native v2	GATA3	chr10:8087387+:NNNNCGA	proximal	NNNNCGA	True	chr10	chr5_6_10	delta_beta_only	0.280902	37969	2314	0.0609313	93.9069
GSE322563 native v2	GATA3	chr10:8087387+:NNNNCGA	proximal	NNNNCGA	True	chr10	chr5_6_10	limma_style	13.4337	37969	4230	0.111394	88.8606
GSE77348	EGFLAM	chr5:38258943+:NNNNCGA	regional	NNNNCGA	True	chr5	wg	v25_sigmoid	0.0129645	184753	7216	0.0390494	96.0951
GSE77348	EGFLAM	chr5:38258943+:NNNNCGA	regional	NNNNCGA	True	chr5	wg	v25_diff	0.0145193	184753	7040	0.0380968	96.1903
GSE77348	EGFLAM	chr5:38258943+:NNNNCGA	regional	NNNNCGA	True	chr5	wg	delta_beta_only	0.33092	184753	11310	0.0612142	93.8786
GSE77348	EGFLAM	chr5:38258943+:NNNNCGA	regional	NNNNCGA	True	chr5	wg	limma_style	16.6014	184753	18212	0.0985721	90.1428
GSE77348	EGFLAM	chr5:38258943+:NNNNCGA	regional	NNNNCGA	True	chr5	chr5_6_10	v25_sigmoid	0.0129645	184753	7216	0.0390494	96.0951
GSE77348	EGFLAM	chr5:38258943+:NNNNCGA	regional	NNNNCGA	True	chr5	chr5_6_10	v25_diff	0.0145193	184753	7040	0.0380968	96.1903
GSE77348	EGFLAM	chr5:38258943+:NNNNCGA	regional	NNNNCGA	True	chr5	chr5_6_10	delta_beta_only	0.33092	184753	11310	0.0612142	93.8786
GSE77348	EGFLAM	chr5:38258943+:NNNNCGA	regional	NNNNCGA	True	chr5	chr5_6_10	limma_style	16.6014	184753	18212	0.0985721	90.1428
GSE77348	ESR1	chr6:152011177+:NNNNCGA	proximal_close	NNNNCGA	True	chr6	wg	v25_sigmoid	0.0749916	57995	190	0.0032589	99.6741
GSE77348	ESR1	chr6:152011177+:NNNNCGA	proximal_close	NNNNCGA	True	chr6	wg	v25_diff	0.075	57995	174	0.00299164	99.7008
GSE77348	ESR1	chr6:152011177+:NNNNCGA	proximal_close	NNNNCGA	True	chr6	wg	delta_beta_only	0.843277	57995	190	0.0032589	99.6741
GSE77348	ESR1	chr6:152011177+:NNNNCGA	proximal_close	NNNNCGA	True	chr6	wg	limma_style	58.4427	57995	762	0.0131218	98.6878
GSE77348	ESR1	chr6:152011177+:NNNNCGA	proximal_close	NNNNCGA	True	chr6	chr5_6_10	v25_sigmoid	0.0749916	57995	190	0.0032589	99.6741
GSE77348	ESR1	chr6:152011177+:NNNNCGA	proximal_close	NNNNCGA	True	chr6	chr5_6_10	v25_diff	0.075	57995	174	0.00299164	99.7008
GSE77348	ESR1	chr6:152011177+:NNNNCGA	proximal_close	NNNNCGA	True	chr6	chr5_6_10	delta_beta_only	0.843277	57995	190	0.0032589	99.6741
GSE77348	ESR1	chr6:152011177+:NNNNCGA	proximal_close	NNNNCGA	True	chr6	chr5_6_10	limma_style	58.4427	57995	762	0.0131218	98.6878
GSE77348	GATA3	chr10:8087387+:NNNNCGA	proximal	NNNNCGA	True	chr10	wg	v25_sigmoid	0.0447765	32701	608	0.0185774	98.1423
GSE77348	GATA3	chr10:8087387+:NNNNCGA	proximal	NNNNCGA	True	chr10	wg	v25_diff	0.045	32701	554	0.0168955	98.3104
GSE77348	GATA3	chr10:8087387+:NNNNCGA	proximal	NNNNCGA	True	chr10	wg	delta_beta_only	0.574763	32701	670	0.0204428	97.9557
GSE77348	GATA3	chr10:8087387+:NNNNCGA	proximal	NNNNCGA	True	chr10	wg	limma_style	72.8401	32701	306	0.00934222	99.0658
GSE77348	GATA3	chr10:8087387+:NNNNCGA	proximal	NNNNCGA	True	chr10	chr5_6_10	v25_sigmoid	0.0447765	32701	608	0.0185774	98.1423
GSE77348	GATA3	chr10:8087387+:NNNNCGA	proximal	NNNNCGA	True	chr10	chr5_6_10	v25_diff	0.045	32701	554	0.0168955	98.3104
GSE77348	GATA3	chr10:8087387+:NNNNCGA	proximal	NNNNCGA	True	chr10	chr5_6_10	delta_beta_only	0.574763	32701	670	0.0204428	97.9557
GSE77348	GATA3	chr10:8087387+:NNNNCGA	proximal	NNNNCGA	True	chr10	chr5_6_10	limma_style	72.8401	32701	306	0.00934222	99.0658
GSE69914 (tissue)	EGFLAM	chr5:38258943+:NNNNCGA	regional	NNNNCGA	True	chr5	wg	v25_sigmoid	0.00484865	184753	47824	0.258846	74.1154
GSE69914 (tissue)	EGFLAM	chr5:38258943+:NNNNCGA	regional	NNNNCGA	True	chr5	wg	v25_diff	5.07142e-05	184753	91792	0.496828	50.3172
GSE69914 (tissue)	EGFLAM	chr5:38258943+:NNNNCGA	regional	NNNNCGA	True	chr5	wg	delta_beta_only	-0.040349	184753	141000	0.763178	23.6822
GSE69914 (tissue)	EGFLAM	chr5:38258943+:NNNNCGA	regional	NNNNCGA	True	chr5	wg	limma_style	-2.88325	184753	132882	0.719239	28.0761
GSE69914 (tissue)	EGFLAM	chr5:38258943+:NNNNCGA	regional	NNNNCGA	True	chr5	chr5_6_10	v25_sigmoid	0.00484865	184753	47824	0.258846	74.1154
GSE69914 (tissue)	EGFLAM	chr5:38258943+:NNNNCGA	regional	NNNNCGA	True	chr5	chr5_6_10	v25_diff	5.07142e-05	184753	91792	0.496828	50.3172
GSE69914 (tissue)	EGFLAM	chr5:38258943+:NNNNCGA	regional	NNNNCGA	True	chr5	chr5_6_10	delta_beta_only	-0.040349	184753	141000	0.763178	23.6822
GSE69914 (tissue)	EGFLAM	chr5:38258943+:NNNNCGA	regional	NNNNCGA	True	chr5	chr5_6_10	limma_style	-2.88325	184753	132882	0.719239	28.0761
GSE69914 (tissue)	ESR1	chr6:152011177+:NNNNCGA	proximal_close	NNNNCGA	True	chr6	wg	v25_sigmoid	0.00972705	57995	25427	0.438417	56.1583
GSE69914 (tissue)	ESR1	chr6:152011177+:NNNNCGA	proximal_close	NNNNCGA	True	chr6	wg	v25_diff	0.0140466	57995	4549	0.0784206	92.1579
GSE69914 (tissue)	ESR1	chr6:152011177+:NNNNCGA	proximal_close	NNNNCGA	True	chr6	wg	delta_beta_only	0.111043	57995	1587	0.0273472	97.2653
GSE69914 (tissue)	ESR1	chr6:152011177+:NNNNCGA	proximal_close	NNNNCGA	True	chr6	wg	limma_style	4.59936	57995	3215	0.0554186	94.4581
GSE69914 (tissue)	ESR1	chr6:152011177+:NNNNCGA	proximal_close	NNNNCGA	True	chr6	chr5_6_10	v25_sigmoid	0.00972705	57995	25427	0.438417	56.1583
GSE69914 (tissue)	ESR1	chr6:152011177+:NNNNCGA	proximal_close	NNNNCGA	True	chr6	chr5_6_10	v25_diff	0.0140466	57995	4549	0.0784206	92.1579
GSE69914 (tissue)	ESR1	chr6:152011177+:NNNNCGA	proximal_close	NNNNCGA	True	chr6	chr5_6_10	delta_beta_only	0.111043	57995	1587	0.0273472	97.2653
GSE69914 (tissue)	ESR1	chr6:152011177+:NNNNCGA	proximal_close	NNNNCGA	True	chr6	chr5_6_10	limma_style	4.59936	57995	3215	0.0554186	94.4581
GSE69914 (tissue)	GATA3	chr10:8087387+:NNNNCGA	proximal	NNNNCGA	True	chr10	wg	v25_sigmoid	0.0268139	32701	614	0.0187303	98.127
GSE69914 (tissue)	GATA3	chr10:8087387+:NNNNCGA	proximal	NNNNCGA	True	chr10	wg	v25_diff	0.00130496	32701	6818	0.20848	79.152
GSE69914 (tissue)	GATA3	chr10:8087387+:NNNNCGA	proximal	NNNNCGA	True	chr10	wg	delta_beta_only	0.004917	32701	8488	0.259549	74.0451
GSE69914 (tissue)	GATA3	chr10:8087387+:NNNNCGA	proximal	NNNNCGA	True	chr10	wg	limma_style	-0.286022	32701	12334	0.37716	62.284
GSE69914 (tissue)	GATA3	chr10:8087387+:NNNNCGA	proximal	NNNNCGA	True	chr10	chr5_6_10	v25_sigmoid	0.0268139	32701	614	0.0187303	98.127
GSE69914 (tissue)	GATA3	chr10:8087387+:NNNNCGA	proximal	NNNNCGA	True	chr10	chr5_6_10	v25_diff	0.00130496	32701	6818	0.20848	79.152
GSE69914 (tissue)	GATA3	chr10:8087387+:NNNNCGA	proximal	NNNNCGA	True	chr10	chr5_6_10	delta_beta_only	0.004917	32701	8488	0.259549	74.0451
GSE69914 (tissue)	GATA3	chr10:8087387+:NNNNCGA	proximal	NNNNCGA	True	chr10	chr5_6_10	limma_style	-0.286022	32701	12334	0.37716	62.284
